Type,Code,Country
Other,1A,Kosovo
Other,AD,Andorra
Other,AE,United Arab Emirates
Other,AF,Afghanistan
Other,AG,Antigua and Barbuda
Other,AI,Anguilla
Candidate Countries,AL,Albania
Other,AM,Armenia
Other,AN,Netherlands Antilles
Other,AO,Angola
Other,AQ,Antarctica
Other,AR,Argentina
Other,AS,American Samoa
European Union,AT,Austria
Other,AU,Australia
Other,AW,Aruba
Other,AX,Aland Islands
Other,AZ,Azerbaijan
Other,BA,Bosnia and Herzegovina
Other,BB,Barbados
Other,BD,Bangladesh
European Union,BE,Belgium
Other,BF,Burkina Faso
European Union,BG,Bulgaria
Other,BH,Bahrain
Other,BI,Burundi
Other,BJ,Benin
Other,BL,Saint-BarthÂ_lemy
Other,BM,Bermuda
Other,BN,Brunei Darussalam
Other,BO,Bolivia
Other,BQ,"Bonaire, Sint Eustatius and Saba"
Other,BR,Brazil
Other,BS,Bahamas
Other,BT,Bhoutan
Other,BV,Bouvet Island
Other,BW,Botswana
Other,BY,Belarus
Other,BZ,Belize
Other,CA,Canada
Other,CC,Cocos (Keeling) Islands
Other,CD,Democratic Republic of the Congo
Other,CF,Central African Republic
Other,CG,Congo
Government Procurement Agreement,CH,Switzerland
Other,CI,Cê_te d'Ivoire
Other,CK,Cook Islands
Other,CL,Chile
Other,CM,Cameroon
Other,CN,China
Other,CO,Colombia
Other,CR,Costa Rica
Other,CU,Cuba
Other,CV,Cape Verde
Other,CW,Curaê_ao
Other,CX,Christmas Island
European Union,CY,Cyprus
European Union,CZ,Czech Republic
European Union,DE,Germany
Other,DJ,Djibouti
European Union,DK,Denmark
Other,DM,Dominica
Other,DO,Dominican Republic
Other,DZ,Algeria
Other,EC,Ecuador
European Union,EE,Estonia
Other,EG,Egypt
Other,EH,Western Sahara
Other,ER,Eritrea
European Union,ES,Spain
Other,ET,Ethiopia
European Union,FI,Finland
Other,FJ,Fiji
Other,FK,Falkland Islands (Malvinas)
Other,FM,"Micronesia, Federated States of"
Other,FO,Faroe Islands
European Union,FR,France
Other,GA,Gabon
Other,GD,Grenada
Other,GE,Georgia
European Union,GF,French Guiana
Other,GG,Guernsey
Other,GH,Ghana
Other,GI,Gibraltar
Other,GL,Greenland
Other,GM,The Gambia
Other,GN,Guinea
European Union,GP,Guadeloupe
Other,GQ,Equatorial Guinea
European Union,GR,Greece
Other,GS,South Georgia and the South Sandwich Islands
Other,GT,Guatemala
Other,GU,Guam
Other,GW,Guinea-Bissau
Other,GY,Guyana
Other,HK,Hong Kong
Other,HM,Heard and Mcdonald Islands
Other,HN,Honduras
European Union,HR,Croatia
Other,HT,Haiti
European Union,HU,Hungary
Other,ID,Indonesia
European Union,IE,Ireland
Other,IL,Israel
Other,IM,Isle of Man_
Other,IN,India
Other,IO,British Indian Ocean Territory
Other,IQ,Iraq
Other,IR,Iran
European Economic Area,IS,Iceland
European Union,IT,Italy
Other,JE,Jersey
Other,JM,Jamaica
Other,JO,Jordan
Government Procurement Agreement,JP,Japan
Other,KE,Kenya
Other,KG,Kyrgyzstan
Other,KH,Cambodia
Other,KI,Kiribati
Other,KM,Comoros
Other,KN,Saint Kitts and Nevis
Other,KP,Korea (North)
Other,KR,Korea (South)
Other,KW,Kuwait
Other,KY,Cayman Islands
Other,KZ,Kazakhstan
Other,LA,Laos
Other,LB,Lebanon
Other,LC,Saint Lucia
European Economic Area,LI,Liechtenstein
Other,LK,Sri Lanka
Other,LR,Liberia
Other,LS,Lesotho
European Union,LT,Lithuania
European Union,LU,Luxembourg
European Union,LV,Latvia
Other,LY,Libya
Other,MA,Morocco
Other,MC,Monaco
Other,MD,Moldova
Candidate Countries,ME,Montenegro
Other,MF,Saint-Martin (French part)
Other,MG,Madagascar
Other,MH,Marshall Islands
Candidate Countries,MK,The former Yugoslav Republic of Macedonia
Other,ML,Mali
Other,MM,Myanmar
Other,MN,Mongolia
Other,MO,"Macao, SAR China"
Other,MP,Northern Mariana Islands
European Union,MQ,Martinique
Other,MR,Mauritania
Other,MS,Montserrat
European Union,MT,Malta
Other,MU,Mauritius
Other,MV,Maldives
Other,MW,Malawi
Other,MX,Mexico
Other,MY,Malaysia
Other,MZ,Mozambique
Other,NA,Namibia
Other,NC,New Caledonia
Other,NE,Niger
Other,NF,Norfolk Island
Other,NG,Nigeria
Other,NI,Nicaragua
European Union,NL,Netherlands
European Economic Area,NO,Norway
Other,NP,Nepal
Other,NR,Nauru
Other,NU,Niue
Other,NZ,New Zealand
Other,OM,Oman
Other,PA,Panama
Other,PE,Peru
Other,PF,French Polynesia
Other,PG,Papua New Guinea
Other,PH,Philippines
Other,PK,Pakistan
European Union,PL,Poland
Other,PM,Saint Pierre and Miquelon
Other,PN,Pitcairn
Other,PR,Puerto Rico
Other,PS,Palestine
European Union,PT,Portugal
Other,PW,Palau
Other,PY,Paraguay
Other,QA,Qatar
European Union,RE,Réunion
European Union,RO,Romania
Candidate Countries,RS,Serbia
Other,RU,Russia
Other,RW,Rwanda
Other,SA,Saudi Arabia
Other,SB,Solomon Islands
Other,SC,Seychelles
Other,SD,Sudan
European Union,SE,Sweden
Other,SG,Singapore
Other,SH,Saint Helena
European Union,SI,Slovenia
Other,SJ,Svalbard and Jan Mayen Islands
European Union,SK,Slovakia
Other,SL,Sierra Leone
Other,SM,San Marino
Other,SN,Senegal
Other,SO,Somalia
Other,SR,Suriname
Other,SS,South Sudan
Other,ST,S_o Tom_ and Principe
Other,SV,El Salvador
Other,SY,Syrian Arab RepublicÃ_(Syria)
Other,SZ,Swaziland
Other,TC,Turks and Caicos Islands
Other,TD,Chad
Other,TF,French Southern Territories
Other,TG,Togo
Other,TH,Thailand
Other,TJ,Tajikistan
Other,TK,Tokelau
Other,TL,East Timor
Other,TM,Turkmenistan
Other,TN,Tunisia
Other,TO,Tonga
Candidate Countries,TR,Turkey
Other,TT,Trinidad and Tobago
Other,TV,Tuvalu
Other,TW,Taiwan
Other,TZ,Tanzania
Other,UA,Ukraine
Other,UG,Uganda
European Union,UK,United Kingdom
Other,UM,United States Minor Outlying Islands
Government Procurement Agreement,US,United States
Other,UY,Uruguay
Other,UZ,Uzbekistan
Other,VA,Holy SeeÃ_(Vatican City State)
Other,VC,Saint Vincent
Other,VE,Venezuela
European Union,VG,British Virgin Islands
Other,VI,US Virgin Islands
Other,VN,Vietnam
Other,VU,Vanuatu
Other,WF,Wallis and Futuna
Other,WS,Samoa
Other,YE,Yemen
Other,YT,Mayotte
Other,ZA,South Africa
Other,ZM,Zambia
Other,ZW,Zimbabwe